<?xml version="1.0"?>
<link_info>
   <banner>TMS320C2000 Linker PC v6.4.9</banner>
   <copyright>Copyright (c) 1996-2015 Texas Instruments Incorporated</copyright>
   <link_time>0x571066b9</link_time>
   <link_errors>0x0</link_errors>
   <output_file>F28035_Flash_CAN_OTP.out</output_file>
   <entry_point>
      <name>_c_int00</name>
      <address>0x3d794d</address>
   </entry_point>
   <input_file_list>
      <input_file id="fl-2">
         <path>.\Source\</path>
         <kind>object</kind>
         <file>CAN_Boot.obj</file>
         <name>CAN_Boot.obj</name>
      </input_file>
      <input_file id="fl-3">
         <path>.\Source\</path>
         <kind>object</kind>
         <file>DSP2803x_GlobalVariableDefs.obj</file>
         <name>DSP2803x_GlobalVariableDefs.obj</name>
      </input_file>
      <input_file id="fl-4">
         <path>.\Source\</path>
         <kind>object</kind>
         <file>Init_Boot.obj</file>
         <name>Init_Boot.obj</name>
      </input_file>
      <input_file id="fl-5">
         <path>.\Source\</path>
         <kind>object</kind>
         <file>Shared_Boot.obj</file>
         <name>Shared_Boot.obj</name>
      </input_file>
      <input_file id="fl-6">
         <path>.\Source\</path>
         <kind>object</kind>
         <file>main.obj</file>
         <name>main.obj</name>
      </input_file>
      <input_file id="fl-11">
         <path>C:\ti\ccsv6\tools\compiler\ti-cgt-c2000_6.4.9\lib\</path>
         <kind>archive</kind>
         <file>rts2800_ml.lib</file>
         <name>boot.obj</name>
      </input_file>
      <input_file id="fl-12">
         <path>C:\ti\ccsv6\tools\compiler\ti-cgt-c2000_6.4.9\lib\</path>
         <kind>archive</kind>
         <file>rts2800_ml.lib</file>
         <name>exit.obj</name>
      </input_file>
      <input_file id="fl-13">
         <path>C:\ti\ccsv6\tools\compiler\ti-cgt-c2000_6.4.9\lib\</path>
         <kind>archive</kind>
         <file>rts2800_ml.lib</file>
         <name>_lock.obj</name>
      </input_file>
      <input_file id="fl-14">
         <path>C:\ti\ccsv6\tools\compiler\ti-cgt-c2000_6.4.9\lib\</path>
         <kind>archive</kind>
         <file>rts2800_ml.lib</file>
         <name>args_main.obj</name>
      </input_file>
   </input_file_list>
   <object_component_list>
      <object_component id="oc-6f">
         <name>PieVectTableFile</name>
         <uninitialized>true</uninitialized>
         <run_address>0xd00</run_address>
         <size>0x100</size>
         <input_file_ref idref="fl-3"/>
      </object_component>
      <object_component id="oc-42">
         <name>EmuKeyVar</name>
         <uninitialized>true</uninitialized>
         <run_address>0xd00</run_address>
         <size>0x1</size>
         <input_file_ref idref="fl-3"/>
      </object_component>
      <object_component id="oc-41">
         <name>EmuBModeVar</name>
         <uninitialized>true</uninitialized>
         <run_address>0xd01</run_address>
         <size>0x1</size>
         <input_file_ref idref="fl-3"/>
      </object_component>
      <object_component id="oc-44">
         <name>FlashCallbackVar</name>
         <uninitialized>true</uninitialized>
         <run_address>0xd02</run_address>
         <size>0x2</size>
         <input_file_ref idref="fl-3"/>
      </object_component>
      <object_component id="oc-45">
         <name>FlashScalingVar</name>
         <uninitialized>true</uninitialized>
         <run_address>0xd04</run_address>
         <size>0x2</size>
         <input_file_ref idref="fl-3"/>
      </object_component>
      <object_component id="oc-47">
         <name>DevEmuRegsFile</name>
         <uninitialized>true</uninitialized>
         <run_address>0x880</run_address>
         <size>0x4</size>
         <input_file_ref idref="fl-3"/>
      </object_component>
      <object_component id="oc-46">
         <name>SysPwrCtrlRegsFile</name>
         <uninitialized>true</uninitialized>
         <run_address>0x985</run_address>
         <size>0x3</size>
         <input_file_ref idref="fl-3"/>
      </object_component>
      <object_component id="oc-48">
         <name>FlashRegsFile</name>
         <uninitialized>true</uninitialized>
         <run_address>0xa80</run_address>
         <size>0x8</size>
         <input_file_ref idref="fl-3"/>
      </object_component>
      <object_component id="oc-53">
         <name>CsmRegsFile</name>
         <uninitialized>true</uninitialized>
         <run_address>0xae0</run_address>
         <size>0x10</size>
         <input_file_ref idref="fl-3"/>
      </object_component>
      <object_component id="oc-5d">
         <name>AdcResultFile</name>
         <uninitialized>true</uninitialized>
         <run_address>0xb00</run_address>
         <size>0x20</size>
         <input_file_ref idref="fl-3"/>
      </object_component>
      <object_component id="oc-4b">
         <name>CpuTimer0RegsFile</name>
         <uninitialized>true</uninitialized>
         <run_address>0xc00</run_address>
         <size>0x8</size>
         <input_file_ref idref="fl-3"/>
      </object_component>
      <object_component id="oc-4a">
         <name>CpuTimer1RegsFile</name>
         <uninitialized>true</uninitialized>
         <run_address>0xc08</run_address>
         <size>0x8</size>
         <input_file_ref idref="fl-3"/>
      </object_component>
      <object_component id="oc-4c">
         <name>CpuTimer2RegsFile</name>
         <uninitialized>true</uninitialized>
         <run_address>0xc10</run_address>
         <size>0x8</size>
         <input_file_ref idref="fl-3"/>
      </object_component>
      <object_component id="oc-57">
         <name>PieCtrlRegsFile</name>
         <uninitialized>true</uninitialized>
         <run_address>0xce0</run_address>
         <size>0x1a</size>
         <input_file_ref idref="fl-3"/>
      </object_component>
      <object_component id="oc-61">
         <name>Cla1RegsFile</name>
         <uninitialized>true</uninitialized>
         <run_address>0x1400</run_address>
         <size>0x40</size>
         <input_file_ref idref="fl-3"/>
      </object_component>
      <object_component id="oc-5f">
         <name>ECanaRegsFile</name>
         <uninitialized>true</uninitialized>
         <run_address>0x6000</run_address>
         <size>0x34</size>
         <input_file_ref idref="fl-3"/>
      </object_component>
      <object_component id="oc-64">
         <name>ECanaLAMRegsFile</name>
         <uninitialized>true</uninitialized>
         <run_address>0x6040</run_address>
         <size>0x40</size>
         <input_file_ref idref="fl-3"/>
      </object_component>
      <object_component id="oc-70">
         <name>ECanaMboxesFile</name>
         <uninitialized>true</uninitialized>
         <run_address>0x6100</run_address>
         <size>0x100</size>
         <input_file_ref idref="fl-3"/>
      </object_component>
      <object_component id="oc-63">
         <name>ECanaMOTSRegsFile</name>
         <uninitialized>true</uninitialized>
         <run_address>0x6080</run_address>
         <size>0x40</size>
         <input_file_ref idref="fl-3"/>
      </object_component>
      <object_component id="oc-6c">
         <name>ECanaMOTORegsFile</name>
         <uninitialized>true</uninitialized>
         <run_address>0x60c0</run_address>
         <size>0x40</size>
         <input_file_ref idref="fl-3"/>
      </object_component>
      <object_component id="oc-5c">
         <name>ECap1RegsFile</name>
         <uninitialized>true</uninitialized>
         <run_address>0x6a00</run_address>
         <size>0x20</size>
         <input_file_ref idref="fl-3"/>
      </object_component>
      <object_component id="oc-5b">
         <name>HRCap1RegsFile</name>
         <uninitialized>true</uninitialized>
         <run_address>0x6ac0</run_address>
         <size>0x20</size>
         <input_file_ref idref="fl-3"/>
      </object_component>
      <object_component id="oc-5a">
         <name>HRCap2RegsFile</name>
         <uninitialized>true</uninitialized>
         <run_address>0x6ae0</run_address>
         <size>0x20</size>
         <input_file_ref idref="fl-3"/>
      </object_component>
      <object_component id="oc-69">
         <name>EQep1RegsFile</name>
         <uninitialized>true</uninitialized>
         <run_address>0x6b00</run_address>
         <size>0x40</size>
         <input_file_ref idref="fl-3"/>
      </object_component>
      <object_component id="oc-6d">
         <name>LinaRegsFile</name>
         <uninitialized>true</uninitialized>
         <run_address>0x6c00</run_address>
         <size>0x4a</size>
         <input_file_ref idref="fl-3"/>
      </object_component>
      <object_component id="oc-68">
         <name>GpioCtrlRegsFile</name>
         <uninitialized>true</uninitialized>
         <run_address>0x6f80</run_address>
         <size>0x40</size>
         <input_file_ref idref="fl-3"/>
      </object_component>
      <object_component id="oc-59">
         <name>GpioDataRegsFile</name>
         <uninitialized>true</uninitialized>
         <run_address>0x6fc0</run_address>
         <size>0x20</size>
         <input_file_ref idref="fl-3"/>
      </object_component>
      <object_component id="oc-4d">
         <name>GpioIntRegsFile</name>
         <uninitialized>true</uninitialized>
         <run_address>0x6fe0</run_address>
         <size>0xc</size>
         <input_file_ref idref="fl-3"/>
      </object_component>
      <object_component id="oc-58">
         <name>SysCtrlRegsFile</name>
         <uninitialized>true</uninitialized>
         <run_address>0x7010</run_address>
         <size>0x20</size>
         <input_file_ref idref="fl-3"/>
      </object_component>
      <object_component id="oc-4e">
         <name>SpiaRegsFile</name>
         <uninitialized>true</uninitialized>
         <run_address>0x7040</run_address>
         <size>0x10</size>
         <input_file_ref idref="fl-3"/>
      </object_component>
      <object_component id="oc-4f">
         <name>SpibRegsFile</name>
         <uninitialized>true</uninitialized>
         <run_address>0x7740</run_address>
         <size>0x10</size>
         <input_file_ref idref="fl-3"/>
      </object_component>
      <object_component id="oc-51">
         <name>SciaRegsFile</name>
         <uninitialized>true</uninitialized>
         <run_address>0x7050</run_address>
         <size>0x10</size>
         <input_file_ref idref="fl-3"/>
      </object_component>
      <object_component id="oc-50">
         <name>NmiIntruptRegsFile</name>
         <uninitialized>true</uninitialized>
         <run_address>0x7060</run_address>
         <size>0x10</size>
         <input_file_ref idref="fl-3"/>
      </object_component>
      <object_component id="oc-52">
         <name>XIntruptRegsFile</name>
         <uninitialized>true</uninitialized>
         <run_address>0x7070</run_address>
         <size>0x10</size>
         <input_file_ref idref="fl-3"/>
      </object_component>
      <object_component id="oc-6e">
         <name>AdcRegsFile</name>
         <uninitialized>true</uninitialized>
         <run_address>0x7100</run_address>
         <size>0x50</size>
         <input_file_ref idref="fl-3"/>
      </object_component>
      <object_component id="oc-5e">
         <name>I2caRegsFile</name>
         <uninitialized>true</uninitialized>
         <run_address>0x7900</run_address>
         <size>0x22</size>
         <input_file_ref idref="fl-3"/>
      </object_component>
      <object_component id="oc-54">
         <name>Comp1RegsFile</name>
         <uninitialized>true</uninitialized>
         <run_address>0x6400</run_address>
         <size>0x14</size>
         <input_file_ref idref="fl-3"/>
      </object_component>
      <object_component id="oc-55">
         <name>Comp2RegsFile</name>
         <uninitialized>true</uninitialized>
         <run_address>0x6420</run_address>
         <size>0x14</size>
         <input_file_ref idref="fl-3"/>
      </object_component>
      <object_component id="oc-56">
         <name>Comp3RegsFile</name>
         <uninitialized>true</uninitialized>
         <run_address>0x6440</run_address>
         <size>0x14</size>
         <input_file_ref idref="fl-3"/>
      </object_component>
      <object_component id="oc-60">
         <name>EPwm1RegsFile</name>
         <uninitialized>true</uninitialized>
         <run_address>0x6800</run_address>
         <size>0x40</size>
         <input_file_ref idref="fl-3"/>
      </object_component>
      <object_component id="oc-62">
         <name>EPwm2RegsFile</name>
         <uninitialized>true</uninitialized>
         <run_address>0x6840</run_address>
         <size>0x40</size>
         <input_file_ref idref="fl-3"/>
      </object_component>
      <object_component id="oc-65">
         <name>EPwm3RegsFile</name>
         <uninitialized>true</uninitialized>
         <run_address>0x6880</run_address>
         <size>0x40</size>
         <input_file_ref idref="fl-3"/>
      </object_component>
      <object_component id="oc-6a">
         <name>EPwm4RegsFile</name>
         <uninitialized>true</uninitialized>
         <run_address>0x68c0</run_address>
         <size>0x40</size>
         <input_file_ref idref="fl-3"/>
      </object_component>
      <object_component id="oc-6b">
         <name>EPwm5RegsFile</name>
         <uninitialized>true</uninitialized>
         <run_address>0x6900</run_address>
         <size>0x40</size>
         <input_file_ref idref="fl-3"/>
      </object_component>
      <object_component id="oc-67">
         <name>EPwm6RegsFile</name>
         <uninitialized>true</uninitialized>
         <run_address>0x6940</run_address>
         <size>0x40</size>
         <input_file_ref idref="fl-3"/>
      </object_component>
      <object_component id="oc-66">
         <name>EPwm7RegsFile</name>
         <uninitialized>true</uninitialized>
         <run_address>0x6980</run_address>
         <size>0x40</size>
         <input_file_ref idref="fl-3"/>
      </object_component>
      <object_component id="oc-49">
         <name>CsmPwlFile</name>
         <uninitialized>true</uninitialized>
         <run_address>0x3f7ff8</run_address>
         <size>0x8</size>
         <input_file_ref idref="fl-3"/>
      </object_component>
      <object_component id="oc-43">
         <name>PartIdRegsFile</name>
         <uninitialized>true</uninitialized>
         <run_address>0x3d7e80</run_address>
         <size>0x1</size>
         <input_file_ref idref="fl-3"/>
      </object_component>
      <object_component id="oc-72">
         <name>.InitBoot</name>
         <load_address>0x3d7800</load_address>
         <run_address>0x3d7800</run_address>
         <size>0x1c</size>
         <input_file_ref idref="fl-4"/>
      </object_component>
      <object_component id="oc-9c">
         <name>.text</name>
         <load_address>0x3d7820</load_address>
         <run_address>0x3d7820</run_address>
         <size>0xe3</size>
         <input_file_ref idref="fl-2"/>
      </object_component>
      <object_component id="oc-a0">
         <name>.text</name>
         <load_address>0x3d7903</load_address>
         <run_address>0x3d7903</run_address>
         <size>0x4a</size>
         <input_file_ref idref="fl-5"/>
      </object_component>
      <object_component id="oc-3a">
         <name>.text</name>
         <load_address>0x3d794d</load_address>
         <run_address>0x3d794d</run_address>
         <size>0x44</size>
         <input_file_ref idref="fl-11"/>
      </object_component>
      <object_component id="oc-9a">
         <name>.text</name>
         <load_address>0x3d7991</load_address>
         <run_address>0x3d7991</run_address>
         <size>0x19</size>
         <input_file_ref idref="fl-14"/>
      </object_component>
      <object_component id="oc-9b">
         <name>.text</name>
         <load_address>0x3d79aa</load_address>
         <run_address>0x3d79aa</run_address>
         <size>0x19</size>
         <input_file_ref idref="fl-12"/>
      </object_component>
      <object_component id="oc-a1">
         <name>.text</name>
         <load_address>0x3d79c3</load_address>
         <run_address>0x3d79c3</run_address>
         <size>0x9</size>
         <input_file_ref idref="fl-13"/>
      </object_component>
      <object_component id="oc-9d">
         <name>.text</name>
         <load_address>0x3d79cc</load_address>
         <run_address>0x3d79cc</run_address>
         <size>0x1</size>
         <input_file_ref idref="fl-6"/>
      </object_component>
      <object_component id="oc-73">
         <name>.stack</name>
         <uninitialized>true</uninitialized>
         <run_address>0x420</run_address>
         <size>0x0</size>
         <input_file_ref idref="fl-4"/>
      </object_component>
      <object_component id="oc-83">
         <name>.stack</name>
         <uninitialized>true</uninitialized>
         <run_address>0x420</run_address>
         <size>0x0</size>
         <input_file_ref idref="fl-11"/>
      </object_component>
      <object_component id="oc-e8">
         <name>.stack</name>
         <uninitialized>true</uninitialized>
         <run_address>0x420</run_address>
         <size>0x0</size>
      </object_component>
      <object_component id="oc-79">
         <name>.ebss</name>
         <uninitialized>true</uninitialized>
         <run_address>0x404</run_address>
         <size>0x2</size>
         <input_file_ref idref="fl-5"/>
      </object_component>
      <object_component id="oc-8b">
         <name>.ebss</name>
         <uninitialized>true</uninitialized>
         <run_address>0x400</run_address>
         <size>0x4</size>
         <input_file_ref idref="fl-12"/>
      </object_component>
      <object_component id="oc-a3">
         <name>.ebss:__unlock</name>
         <uninitialized>true</uninitialized>
         <run_address>0x408</run_address>
         <size>0x2</size>
         <input_file_ref idref="fl-13"/>
      </object_component>
      <object_component id="oc-9e">
         <name>.ebss:__lock</name>
         <uninitialized>true</uninitialized>
         <run_address>0x406</run_address>
         <size>0x2</size>
         <input_file_ref idref="fl-13"/>
      </object_component>
      <object_component id="oc-3b">
         <name>.debug_info</name>
         <load_address>0x0</load_address>
         <run_address>0x0</run_address>
         <size>0x68e5</size>
         <input_file_ref idref="fl-2"/>
      </object_component>
      <object_component id="oc-40">
         <name>.debug_info</name>
         <load_address>0x68e5</load_address>
         <run_address>0x68e5</run_address>
         <size>0x13fe3</size>
         <input_file_ref idref="fl-3"/>
      </object_component>
      <object_component id="oc-74">
         <name>.debug_info</name>
         <load_address>0x1a8c8</load_address>
         <run_address>0x1a8c8</run_address>
         <size>0x11c</size>
         <input_file_ref idref="fl-4"/>
      </object_component>
      <object_component id="oc-78">
         <name>.debug_info</name>
         <load_address>0x1a9e4</load_address>
         <run_address>0x1a9e4</run_address>
         <size>0x547</size>
         <input_file_ref idref="fl-5"/>
      </object_component>
      <object_component id="oc-7e">
         <name>.debug_info</name>
         <load_address>0x1af2b</load_address>
         <run_address>0x1af2b</run_address>
         <size>0x301</size>
         <input_file_ref idref="fl-6"/>
      </object_component>
      <object_component id="oc-85">
         <name>.debug_info</name>
         <load_address>0x1b22c</load_address>
         <run_address>0x1b22c</run_address>
         <size>0x128</size>
         <input_file_ref idref="fl-11"/>
      </object_component>
      <object_component id="oc-89">
         <name>.debug_info</name>
         <load_address>0x1b354</load_address>
         <run_address>0x1b354</run_address>
         <size>0x41f</size>
         <input_file_ref idref="fl-12"/>
      </object_component>
      <object_component id="oc-90">
         <name>.debug_info</name>
         <load_address>0x1b773</load_address>
         <run_address>0x1b773</run_address>
         <size>0x449</size>
         <input_file_ref idref="fl-13"/>
      </object_component>
      <object_component id="oc-95">
         <name>.debug_info</name>
         <load_address>0x1bbbc</load_address>
         <run_address>0x1bbbc</run_address>
         <size>0x416</size>
         <input_file_ref idref="fl-14"/>
      </object_component>
      <object_component id="oc-e9">
         <name>.debug_info</name>
         <load_address>0x1bfd2</load_address>
         <run_address>0x1bfd2</run_address>
         <size>0xc4</size>
      </object_component>
      <object_component id="oc-3c">
         <name>.debug_frame</name>
         <load_address>0x0</load_address>
         <run_address>0x0</run_address>
         <size>0xb5</size>
         <input_file_ref idref="fl-2"/>
      </object_component>
      <object_component id="oc-7a">
         <name>.debug_frame</name>
         <load_address>0xb5</load_address>
         <run_address>0xb5</run_address>
         <size>0xb3</size>
         <input_file_ref idref="fl-5"/>
      </object_component>
      <object_component id="oc-7f">
         <name>.debug_frame</name>
         <load_address>0x168</load_address>
         <run_address>0x168</run_address>
         <size>0x77</size>
         <input_file_ref idref="fl-6"/>
      </object_component>
      <object_component id="oc-8c">
         <name>.debug_frame</name>
         <load_address>0x1df</load_address>
         <run_address>0x1df</run_address>
         <size>0x95</size>
         <input_file_ref idref="fl-12"/>
      </object_component>
      <object_component id="oc-91">
         <name>.debug_frame</name>
         <load_address>0x274</load_address>
         <run_address>0x274</run_address>
         <size>0xa1</size>
         <input_file_ref idref="fl-13"/>
      </object_component>
      <object_component id="oc-96">
         <name>.debug_frame</name>
         <load_address>0x315</load_address>
         <run_address>0x315</run_address>
         <size>0x77</size>
         <input_file_ref idref="fl-14"/>
      </object_component>
      <object_component id="oc-3d">
         <name>.debug_line</name>
         <load_address>0x0</load_address>
         <run_address>0x0</run_address>
         <size>0xf6</size>
         <input_file_ref idref="fl-2"/>
      </object_component>
      <object_component id="oc-75">
         <name>.debug_line</name>
         <load_address>0xf6</load_address>
         <run_address>0xf6</run_address>
         <size>0x5c</size>
         <input_file_ref idref="fl-4"/>
      </object_component>
      <object_component id="oc-7b">
         <name>.debug_line</name>
         <load_address>0x152</load_address>
         <run_address>0x152</run_address>
         <size>0xab</size>
         <input_file_ref idref="fl-5"/>
      </object_component>
      <object_component id="oc-80">
         <name>.debug_line</name>
         <load_address>0x1fd</load_address>
         <run_address>0x1fd</run_address>
         <size>0x44</size>
         <input_file_ref idref="fl-6"/>
      </object_component>
      <object_component id="oc-86">
         <name>.debug_line</name>
         <load_address>0x241</load_address>
         <run_address>0x241</run_address>
         <size>0x73</size>
         <input_file_ref idref="fl-11"/>
      </object_component>
      <object_component id="oc-8d">
         <name>.debug_line</name>
         <load_address>0x2b4</load_address>
         <run_address>0x2b4</run_address>
         <size>0x5d</size>
         <input_file_ref idref="fl-12"/>
      </object_component>
      <object_component id="oc-92">
         <name>.debug_line</name>
         <load_address>0x311</load_address>
         <run_address>0x311</run_address>
         <size>0x5e</size>
         <input_file_ref idref="fl-13"/>
      </object_component>
      <object_component id="oc-97">
         <name>.debug_line</name>
         <load_address>0x36f</load_address>
         <run_address>0x36f</run_address>
         <size>0x59</size>
         <input_file_ref idref="fl-14"/>
      </object_component>
      <object_component id="oc-3e">
         <name>.debug_abbrev</name>
         <load_address>0x0</load_address>
         <run_address>0x0</run_address>
         <size>0x185</size>
         <input_file_ref idref="fl-2"/>
      </object_component>
      <object_component id="oc-71">
         <name>.debug_abbrev</name>
         <load_address>0x185</load_address>
         <run_address>0x185</run_address>
         <size>0xb7</size>
         <input_file_ref idref="fl-3"/>
      </object_component>
      <object_component id="oc-76">
         <name>.debug_abbrev</name>
         <load_address>0x23c</load_address>
         <run_address>0x23c</run_address>
         <size>0x3d</size>
         <input_file_ref idref="fl-4"/>
      </object_component>
      <object_component id="oc-7c">
         <name>.debug_abbrev</name>
         <load_address>0x279</load_address>
         <run_address>0x279</run_address>
         <size>0xff</size>
         <input_file_ref idref="fl-5"/>
      </object_component>
      <object_component id="oc-81">
         <name>.debug_abbrev</name>
         <load_address>0x378</load_address>
         <run_address>0x378</run_address>
         <size>0x57</size>
         <input_file_ref idref="fl-6"/>
      </object_component>
      <object_component id="oc-87">
         <name>.debug_abbrev</name>
         <load_address>0x3cf</load_address>
         <run_address>0x3cf</run_address>
         <size>0x46</size>
         <input_file_ref idref="fl-11"/>
      </object_component>
      <object_component id="oc-8e">
         <name>.debug_abbrev</name>
         <load_address>0x415</load_address>
         <run_address>0x415</run_address>
         <size>0x117</size>
         <input_file_ref idref="fl-12"/>
      </object_component>
      <object_component id="oc-93">
         <name>.debug_abbrev</name>
         <load_address>0x52c</load_address>
         <run_address>0x52c</run_address>
         <size>0xb2</size>
         <input_file_ref idref="fl-13"/>
      </object_component>
      <object_component id="oc-98">
         <name>.debug_abbrev</name>
         <load_address>0x5de</load_address>
         <run_address>0x5de</run_address>
         <size>0xfe</size>
         <input_file_ref idref="fl-14"/>
      </object_component>
      <object_component id="oc-ea">
         <name>.debug_abbrev</name>
         <load_address>0x6dc</load_address>
         <run_address>0x6dc</run_address>
         <size>0xf</size>
      </object_component>
      <object_component id="oc-3f">
         <name>.debug_aranges</name>
         <load_address>0x0</load_address>
         <run_address>0x0</run_address>
         <size>0x30</size>
         <input_file_ref idref="fl-2"/>
      </object_component>
      <object_component id="oc-77">
         <name>.debug_aranges</name>
         <load_address>0x30</load_address>
         <run_address>0x30</run_address>
         <size>0x20</size>
         <input_file_ref idref="fl-4"/>
      </object_component>
      <object_component id="oc-7d">
         <name>.debug_aranges</name>
         <load_address>0x50</load_address>
         <run_address>0x50</run_address>
         <size>0x30</size>
         <input_file_ref idref="fl-5"/>
      </object_component>
      <object_component id="oc-82">
         <name>.debug_aranges</name>
         <load_address>0x80</load_address>
         <run_address>0x80</run_address>
         <size>0x20</size>
         <input_file_ref idref="fl-6"/>
      </object_component>
      <object_component id="oc-88">
         <name>.debug_aranges</name>
         <load_address>0xa0</load_address>
         <run_address>0xa0</run_address>
         <size>0x20</size>
         <input_file_ref idref="fl-11"/>
      </object_component>
      <object_component id="oc-8f">
         <name>.debug_aranges</name>
         <load_address>0xc0</load_address>
         <run_address>0xc0</run_address>
         <size>0x28</size>
         <input_file_ref idref="fl-12"/>
      </object_component>
      <object_component id="oc-94">
         <name>.debug_aranges</name>
         <load_address>0xe8</load_address>
         <run_address>0xe8</run_address>
         <size>0x30</size>
         <input_file_ref idref="fl-13"/>
      </object_component>
      <object_component id="oc-99">
         <name>.debug_aranges</name>
         <load_address>0x118</load_address>
         <run_address>0x118</run_address>
         <size>0x20</size>
         <input_file_ref idref="fl-14"/>
      </object_component>
      <object_component id="oc-84">
         <name>.reset</name>
         <load_address>0x3d781c</load_address>
         <run_address>0x3d781c</run_address>
         <size>0x2</size>
         <input_file_ref idref="fl-11"/>
      </object_component>
      <object_component id="oc-8a">
         <name>.cinit</name>
         <load_address>0x3d79cd</load_address>
         <run_address>0x3d79cd</run_address>
         <size>0xa</size>
         <input_file_ref idref="fl-12"/>
      </object_component>
      <object_component id="oc-9f">
         <name>.cinit:__lock</name>
         <load_address>0x3d79d7</load_address>
         <run_address>0x3d79d7</run_address>
         <size>0x5</size>
         <input_file_ref idref="fl-13"/>
      </object_component>
      <object_component id="oc-a2">
         <name>.cinit:__unlock</name>
         <load_address>0x3d79dc</load_address>
         <run_address>0x3d79dc</run_address>
         <size>0x5</size>
         <input_file_ref idref="fl-13"/>
      </object_component>
   </object_component_list>
   <logical_group_list>
      <logical_group id="lg-3" display="no" color="cyan">
         <name>PieVectTableFile</name>
         <run_address>0xd00</run_address>
         <size>0x100</size>
         <contents>
            <object_component_ref idref="oc-6f"/>
         </contents>
      </logical_group>
      <logical_group id="lg-5" display="no" color="cyan">
         <name>EmuKeyVar</name>
         <run_address>0xd00</run_address>
         <size>0x1</size>
         <contents>
            <object_component_ref idref="oc-42"/>
         </contents>
      </logical_group>
      <logical_group id="lg-6" display="no" color="cyan">
         <name>EmuBModeVar</name>
         <run_address>0xd01</run_address>
         <size>0x1</size>
         <contents>
            <object_component_ref idref="oc-41"/>
         </contents>
      </logical_group>
      <logical_group id="lg-7" display="no" color="cyan">
         <name>FlashCallbackVar</name>
         <run_address>0xd02</run_address>
         <size>0x2</size>
         <contents>
            <object_component_ref idref="oc-44"/>
         </contents>
      </logical_group>
      <logical_group id="lg-8" display="no" color="cyan">
         <name>FlashScalingVar</name>
         <run_address>0xd04</run_address>
         <size>0x2</size>
         <contents>
            <object_component_ref idref="oc-45"/>
         </contents>
      </logical_group>
      <logical_group id="lg-4" display="no" color="cyan">
         <name>GROUP_2</name>
         <run_address>0xd00</run_address>
         <size>0x6</size>
         <contents>
            <logical_group_ref idref="lg-5"/>
            <logical_group_ref idref="lg-6"/>
            <logical_group_ref idref="lg-7"/>
            <logical_group_ref idref="lg-8"/>
         </contents>
      </logical_group>
      <overlay id="lg-2" display="no" color="cyan">
         <name>UNION_1</name>
         <run_address>0xd00</run_address>
         <size>0x100</size>
         <contents>
            <logical_group_ref idref="lg-3"/>
            <logical_group_ref idref="lg-4"/>
         </contents>
      </overlay>
      <logical_group id="lg-9" display="no" color="cyan">
         <name>DevEmuRegsFile</name>
         <run_address>0x880</run_address>
         <size>0x4</size>
         <contents>
            <object_component_ref idref="oc-47"/>
         </contents>
      </logical_group>
      <logical_group id="lg-a" display="no" color="cyan">
         <name>SysPwrCtrlRegsFile</name>
         <run_address>0x985</run_address>
         <size>0x3</size>
         <contents>
            <object_component_ref idref="oc-46"/>
         </contents>
      </logical_group>
      <logical_group id="lg-b" display="no" color="cyan">
         <name>FlashRegsFile</name>
         <run_address>0xa80</run_address>
         <size>0x8</size>
         <contents>
            <object_component_ref idref="oc-48"/>
         </contents>
      </logical_group>
      <logical_group id="lg-c" display="no" color="cyan">
         <name>CsmRegsFile</name>
         <run_address>0xae0</run_address>
         <size>0x10</size>
         <contents>
            <object_component_ref idref="oc-53"/>
         </contents>
      </logical_group>
      <logical_group id="lg-d" display="no" color="cyan">
         <name>AdcResultFile</name>
         <run_address>0xb00</run_address>
         <size>0x20</size>
         <contents>
            <object_component_ref idref="oc-5d"/>
         </contents>
      </logical_group>
      <logical_group id="lg-e" display="no" color="cyan">
         <name>CpuTimer0RegsFile</name>
         <run_address>0xc00</run_address>
         <size>0x8</size>
         <contents>
            <object_component_ref idref="oc-4b"/>
         </contents>
      </logical_group>
      <logical_group id="lg-f" display="no" color="cyan">
         <name>CpuTimer1RegsFile</name>
         <run_address>0xc08</run_address>
         <size>0x8</size>
         <contents>
            <object_component_ref idref="oc-4a"/>
         </contents>
      </logical_group>
      <logical_group id="lg-10" display="no" color="cyan">
         <name>CpuTimer2RegsFile</name>
         <run_address>0xc10</run_address>
         <size>0x8</size>
         <contents>
            <object_component_ref idref="oc-4c"/>
         </contents>
      </logical_group>
      <logical_group id="lg-11" display="no" color="cyan">
         <name>PieCtrlRegsFile</name>
         <run_address>0xce0</run_address>
         <size>0x1a</size>
         <contents>
            <object_component_ref idref="oc-57"/>
         </contents>
      </logical_group>
      <logical_group id="lg-12" display="no" color="cyan">
         <name>Cla1RegsFile</name>
         <run_address>0x1400</run_address>
         <size>0x40</size>
         <contents>
            <object_component_ref idref="oc-61"/>
         </contents>
      </logical_group>
      <logical_group id="lg-13" display="no" color="cyan">
         <name>ECanaRegsFile</name>
         <run_address>0x6000</run_address>
         <size>0x34</size>
         <contents>
            <object_component_ref idref="oc-5f"/>
         </contents>
      </logical_group>
      <logical_group id="lg-14" display="no" color="cyan">
         <name>ECanaLAMRegsFile</name>
         <run_address>0x6040</run_address>
         <size>0x40</size>
         <contents>
            <object_component_ref idref="oc-64"/>
         </contents>
      </logical_group>
      <logical_group id="lg-15" display="no" color="cyan">
         <name>ECanaMboxesFile</name>
         <run_address>0x6100</run_address>
         <size>0x100</size>
         <contents>
            <object_component_ref idref="oc-70"/>
         </contents>
      </logical_group>
      <logical_group id="lg-16" display="no" color="cyan">
         <name>ECanaMOTSRegsFile</name>
         <run_address>0x6080</run_address>
         <size>0x40</size>
         <contents>
            <object_component_ref idref="oc-63"/>
         </contents>
      </logical_group>
      <logical_group id="lg-17" display="no" color="cyan">
         <name>ECanaMOTORegsFile</name>
         <run_address>0x60c0</run_address>
         <size>0x40</size>
         <contents>
            <object_component_ref idref="oc-6c"/>
         </contents>
      </logical_group>
      <logical_group id="lg-18" display="no" color="cyan">
         <name>ECap1RegsFile</name>
         <run_address>0x6a00</run_address>
         <size>0x20</size>
         <contents>
            <object_component_ref idref="oc-5c"/>
         </contents>
      </logical_group>
      <logical_group id="lg-19" display="no" color="cyan">
         <name>HRCap1RegsFile</name>
         <run_address>0x6ac0</run_address>
         <size>0x20</size>
         <contents>
            <object_component_ref idref="oc-5b"/>
         </contents>
      </logical_group>
      <logical_group id="lg-1a" display="no" color="cyan">
         <name>HRCap2RegsFile</name>
         <run_address>0x6ae0</run_address>
         <size>0x20</size>
         <contents>
            <object_component_ref idref="oc-5a"/>
         </contents>
      </logical_group>
      <logical_group id="lg-1b" display="no" color="cyan">
         <name>EQep1RegsFile</name>
         <run_address>0x6b00</run_address>
         <size>0x40</size>
         <contents>
            <object_component_ref idref="oc-69"/>
         </contents>
      </logical_group>
      <logical_group id="lg-1c" display="no" color="cyan">
         <name>LinaRegsFile</name>
         <run_address>0x6c00</run_address>
         <size>0x4a</size>
         <contents>
            <object_component_ref idref="oc-6d"/>
         </contents>
      </logical_group>
      <logical_group id="lg-1d" display="no" color="cyan">
         <name>GpioCtrlRegsFile</name>
         <run_address>0x6f80</run_address>
         <size>0x40</size>
         <contents>
            <object_component_ref idref="oc-68"/>
         </contents>
      </logical_group>
      <logical_group id="lg-1e" display="no" color="cyan">
         <name>GpioDataRegsFile</name>
         <run_address>0x6fc0</run_address>
         <size>0x20</size>
         <contents>
            <object_component_ref idref="oc-59"/>
         </contents>
      </logical_group>
      <logical_group id="lg-1f" display="no" color="cyan">
         <name>GpioIntRegsFile</name>
         <run_address>0x6fe0</run_address>
         <size>0xc</size>
         <contents>
            <object_component_ref idref="oc-4d"/>
         </contents>
      </logical_group>
      <logical_group id="lg-20" display="no" color="cyan">
         <name>SysCtrlRegsFile</name>
         <run_address>0x7010</run_address>
         <size>0x20</size>
         <contents>
            <object_component_ref idref="oc-58"/>
         </contents>
      </logical_group>
      <logical_group id="lg-21" display="no" color="cyan">
         <name>SpiaRegsFile</name>
         <run_address>0x7040</run_address>
         <size>0x10</size>
         <contents>
            <object_component_ref idref="oc-4e"/>
         </contents>
      </logical_group>
      <logical_group id="lg-22" display="no" color="cyan">
         <name>SpibRegsFile</name>
         <run_address>0x7740</run_address>
         <size>0x10</size>
         <contents>
            <object_component_ref idref="oc-4f"/>
         </contents>
      </logical_group>
      <logical_group id="lg-23" display="no" color="cyan">
         <name>SciaRegsFile</name>
         <run_address>0x7050</run_address>
         <size>0x10</size>
         <contents>
            <object_component_ref idref="oc-51"/>
         </contents>
      </logical_group>
      <logical_group id="lg-24" display="no" color="cyan">
         <name>NmiIntruptRegsFile</name>
         <run_address>0x7060</run_address>
         <size>0x10</size>
         <contents>
            <object_component_ref idref="oc-50"/>
         </contents>
      </logical_group>
      <logical_group id="lg-25" display="no" color="cyan">
         <name>XIntruptRegsFile</name>
         <run_address>0x7070</run_address>
         <size>0x10</size>
         <contents>
            <object_component_ref idref="oc-52"/>
         </contents>
      </logical_group>
      <logical_group id="lg-26" display="no" color="cyan">
         <name>AdcRegsFile</name>
         <run_address>0x7100</run_address>
         <size>0x50</size>
         <contents>
            <object_component_ref idref="oc-6e"/>
         </contents>
      </logical_group>
      <logical_group id="lg-27" display="no" color="cyan">
         <name>I2caRegsFile</name>
         <run_address>0x7900</run_address>
         <size>0x22</size>
         <contents>
            <object_component_ref idref="oc-5e"/>
         </contents>
      </logical_group>
      <logical_group id="lg-28" display="no" color="cyan">
         <name>Comp1RegsFile</name>
         <run_address>0x6400</run_address>
         <size>0x14</size>
         <contents>
            <object_component_ref idref="oc-54"/>
         </contents>
      </logical_group>
      <logical_group id="lg-29" display="no" color="cyan">
         <name>Comp2RegsFile</name>
         <run_address>0x6420</run_address>
         <size>0x14</size>
         <contents>
            <object_component_ref idref="oc-55"/>
         </contents>
      </logical_group>
      <logical_group id="lg-2a" display="no" color="cyan">
         <name>Comp3RegsFile</name>
         <run_address>0x6440</run_address>
         <size>0x14</size>
         <contents>
            <object_component_ref idref="oc-56"/>
         </contents>
      </logical_group>
      <logical_group id="lg-2b" display="no" color="cyan">
         <name>EPwm1RegsFile</name>
         <run_address>0x6800</run_address>
         <size>0x40</size>
         <contents>
            <object_component_ref idref="oc-60"/>
         </contents>
      </logical_group>
      <logical_group id="lg-2c" display="no" color="cyan">
         <name>EPwm2RegsFile</name>
         <run_address>0x6840</run_address>
         <size>0x40</size>
         <contents>
            <object_component_ref idref="oc-62"/>
         </contents>
      </logical_group>
      <logical_group id="lg-2d" display="no" color="cyan">
         <name>EPwm3RegsFile</name>
         <run_address>0x6880</run_address>
         <size>0x40</size>
         <contents>
            <object_component_ref idref="oc-65"/>
         </contents>
      </logical_group>
      <logical_group id="lg-2e" display="no" color="cyan">
         <name>EPwm4RegsFile</name>
         <run_address>0x68c0</run_address>
         <size>0x40</size>
         <contents>
            <object_component_ref idref="oc-6a"/>
         </contents>
      </logical_group>
      <logical_group id="lg-2f" display="no" color="cyan">
         <name>EPwm5RegsFile</name>
         <run_address>0x6900</run_address>
         <size>0x40</size>
         <contents>
            <object_component_ref idref="oc-6b"/>
         </contents>
      </logical_group>
      <logical_group id="lg-30" display="no" color="cyan">
         <name>EPwm6RegsFile</name>
         <run_address>0x6940</run_address>
         <size>0x40</size>
         <contents>
            <object_component_ref idref="oc-67"/>
         </contents>
      </logical_group>
      <logical_group id="lg-31" display="no" color="cyan">
         <name>EPwm7RegsFile</name>
         <run_address>0x6980</run_address>
         <size>0x40</size>
         <contents>
            <object_component_ref idref="oc-66"/>
         </contents>
      </logical_group>
      <logical_group id="lg-32" display="no" color="cyan">
         <name>CsmPwlFile</name>
         <run_address>0x3f7ff8</run_address>
         <size>0x8</size>
         <contents>
            <object_component_ref idref="oc-49"/>
         </contents>
      </logical_group>
      <logical_group id="lg-33" display="no" color="cyan">
         <name>PartIdRegsFile</name>
         <run_address>0x3d7e80</run_address>
         <size>0x1</size>
         <contents>
            <object_component_ref idref="oc-43"/>
         </contents>
      </logical_group>
      <logical_group id="lg-34" display="no" color="cyan">
         <name>.InitBoot</name>
         <load_address>0x3d7800</load_address>
         <run_address>0x3d7800</run_address>
         <size>0x1c</size>
         <contents>
            <object_component_ref idref="oc-72"/>
         </contents>
      </logical_group>
      <logical_group id="lg-35" display="no" color="cyan">
         <name>.text</name>
         <load_address>0x3d7820</load_address>
         <run_address>0x3d7820</run_address>
         <size>0x1ad</size>
         <contents>
            <object_component_ref idref="oc-9c"/>
            <object_component_ref idref="oc-a0"/>
            <object_component_ref idref="oc-3a"/>
            <object_component_ref idref="oc-9a"/>
            <object_component_ref idref="oc-9b"/>
            <object_component_ref idref="oc-a1"/>
            <object_component_ref idref="oc-9d"/>
         </contents>
      </logical_group>
      <logical_group id="lg-36" display="no" color="cyan">
         <name>.stack</name>
         <run_address>0x420</run_address>
         <size>0x300</size>
         <contents>
            <object_component_ref idref="oc-73"/>
            <object_component_ref idref="oc-83"/>
            <object_component_ref idref="oc-e8"/>
         </contents>
      </logical_group>
      <logical_group id="lg-37" display="no" color="cyan">
         <name>.ebss</name>
         <run_address>0x400</run_address>
         <size>0xa</size>
         <contents>
            <object_component_ref idref="oc-79"/>
            <object_component_ref idref="oc-8b"/>
            <object_component_ref idref="oc-a3"/>
            <object_component_ref idref="oc-9e"/>
         </contents>
      </logical_group>
      <logical_group id="lg-38" display="no" color="cyan">
         <name>.main</name>
         <run_address>0x0</run_address>
         <size>0x0</size>
         <contents>
         </contents>
      </logical_group>
      <logical_group id="lg-d9" display="never" color="cyan">
         <name>.debug_info</name>
         <load_address>0x0</load_address>
         <run_address>0x0</run_address>
         <size>0x1c096</size>
         <contents>
            <object_component_ref idref="oc-3b"/>
            <object_component_ref idref="oc-40"/>
            <object_component_ref idref="oc-74"/>
            <object_component_ref idref="oc-78"/>
            <object_component_ref idref="oc-7e"/>
            <object_component_ref idref="oc-85"/>
            <object_component_ref idref="oc-89"/>
            <object_component_ref idref="oc-90"/>
            <object_component_ref idref="oc-95"/>
            <object_component_ref idref="oc-e9"/>
         </contents>
      </logical_group>
      <logical_group id="lg-db" display="never" color="cyan">
         <name>.debug_frame</name>
         <load_address>0x0</load_address>
         <run_address>0x0</run_address>
         <size>0x38c</size>
         <contents>
            <object_component_ref idref="oc-3c"/>
            <object_component_ref idref="oc-7a"/>
            <object_component_ref idref="oc-7f"/>
            <object_component_ref idref="oc-8c"/>
            <object_component_ref idref="oc-91"/>
            <object_component_ref idref="oc-96"/>
         </contents>
      </logical_group>
      <logical_group id="lg-dd" display="never" color="cyan">
         <name>.debug_line</name>
         <load_address>0x0</load_address>
         <run_address>0x0</run_address>
         <size>0x3c8</size>
         <contents>
            <object_component_ref idref="oc-3d"/>
            <object_component_ref idref="oc-75"/>
            <object_component_ref idref="oc-7b"/>
            <object_component_ref idref="oc-80"/>
            <object_component_ref idref="oc-86"/>
            <object_component_ref idref="oc-8d"/>
            <object_component_ref idref="oc-92"/>
            <object_component_ref idref="oc-97"/>
         </contents>
      </logical_group>
      <logical_group id="lg-df" display="never" color="cyan">
         <name>.debug_abbrev</name>
         <load_address>0x0</load_address>
         <run_address>0x0</run_address>
         <size>0x6eb</size>
         <contents>
            <object_component_ref idref="oc-3e"/>
            <object_component_ref idref="oc-71"/>
            <object_component_ref idref="oc-76"/>
            <object_component_ref idref="oc-7c"/>
            <object_component_ref idref="oc-81"/>
            <object_component_ref idref="oc-87"/>
            <object_component_ref idref="oc-8e"/>
            <object_component_ref idref="oc-93"/>
            <object_component_ref idref="oc-98"/>
            <object_component_ref idref="oc-ea"/>
         </contents>
      </logical_group>
      <logical_group id="lg-e1" display="never" color="cyan">
         <name>.debug_aranges</name>
         <load_address>0x0</load_address>
         <run_address>0x0</run_address>
         <size>0x138</size>
         <contents>
            <object_component_ref idref="oc-3f"/>
            <object_component_ref idref="oc-77"/>
            <object_component_ref idref="oc-7d"/>
            <object_component_ref idref="oc-82"/>
            <object_component_ref idref="oc-88"/>
            <object_component_ref idref="oc-8f"/>
            <object_component_ref idref="oc-94"/>
            <object_component_ref idref="oc-99"/>
         </contents>
      </logical_group>
      <logical_group id="lg-e3" display="no" color="cyan">
         <name>.reset</name>
         <load_address>0x3d781c</load_address>
         <run_address>0x3d781c</run_address>
         <size>0x2</size>
         <contents>
            <object_component_ref idref="oc-84"/>
         </contents>
      </logical_group>
      <logical_group id="lg-e5" display="no" color="cyan">
         <name>.cinit</name>
         <load_address>0x3d79cd</load_address>
         <run_address>0x3d79cd</run_address>
         <size>0x16</size>
         <contents>
            <object_component_ref idref="oc-8a"/>
            <object_component_ref idref="oc-9f"/>
            <object_component_ref idref="oc-a2"/>
         </contents>
      </logical_group>
   </logical_group_list>
   <placement_map>
      <memory_area display="no" color="green">
         <name>CANBOOTINIT</name>
         <page_id>0x0</page_id>
         <origin>0x3d7800</origin>
         <length>0x20</length>
         <used_space>0x1e</used_space>
         <unused_space>0x2</unused_space>
         <attributes>RWIX</attributes>
         <usage_details>
            <allocated_space>
               <start_address>0x3d7800</start_address>
               <size>0x1c</size>
               <logical_group_ref idref="lg-34"/>
            </allocated_space>
            <allocated_space>
               <start_address>0x3d781c</start_address>
               <size>0x2</size>
               <logical_group_ref idref="lg-e3"/>
            </allocated_space>
            <available_space>
               <start_address>0x3d781e</start_address>
               <size>0x2</size>
            </available_space>
         </usage_details>
      </memory_area>
      <memory_area display="yes" color="green">
         <name>CANBOOT</name>
         <page_id>0x0</page_id>
         <origin>0x3d7820</origin>
         <length>0x200</length>
         <used_space>0x1c3</used_space>
         <unused_space>0x3d</unused_space>
         <attributes>RWIX</attributes>
         <usage_details>
            <allocated_space>
               <start_address>0x3d7820</start_address>
               <size>0x1ad</size>
               <logical_group_ref idref="lg-35"/>
            </allocated_space>
            <allocated_space>
               <start_address>0x3d79cd</start_address>
               <size>0x16</size>
               <logical_group_ref idref="lg-e5"/>
            </allocated_space>
            <available_space>
               <start_address>0x3d79e3</start_address>
               <size>0x3d</size>
            </available_space>
         </usage_details>
      </memory_area>
      <memory_area display="no" color="green">
         <name>EBSS</name>
         <page_id>0x1</page_id>
         <origin>0x400</origin>
         <length>0x20</length>
         <used_space>0xa</used_space>
         <unused_space>0x16</unused_space>
         <attributes>RWIX</attributes>
         <usage_details>
            <allocated_space>
               <start_address>0x400</start_address>
               <size>0xa</size>
               <logical_group_ref idref="lg-37"/>
            </allocated_space>
            <available_space>
               <start_address>0x40a</start_address>
               <size>0x16</size>
            </available_space>
         </usage_details>
      </memory_area>
      <memory_area display="yes" color="green">
         <name>STACK</name>
         <page_id>0x1</page_id>
         <origin>0x420</origin>
         <length>0x300</length>
         <used_space>0x300</used_space>
         <unused_space>0x0</unused_space>
         <attributes>RWIX</attributes>
         <usage_details>
            <allocated_space>
               <start_address>0x420</start_address>
               <size>0x300</size>
               <logical_group_ref idref="lg-36"/>
            </allocated_space>
         </usage_details>
      </memory_area>
      <memory_area display="yes" color="green">
         <name>DEV_EMU</name>
         <page_id>0x1</page_id>
         <origin>0x880</origin>
         <length>0x105</length>
         <used_space>0x4</used_space>
         <unused_space>0x101</unused_space>
         <attributes>RWIX</attributes>
         <usage_details>
            <allocated_space>
               <start_address>0x880</start_address>
               <size>0x4</size>
               <logical_group_ref idref="lg-9"/>
            </allocated_space>
            <available_space>
               <start_address>0x884</start_address>
               <size>0x101</size>
            </available_space>
         </usage_details>
      </memory_area>
      <memory_area display="no" color="green">
         <name>SYS_PWR_CTL</name>
         <page_id>0x1</page_id>
         <origin>0x985</origin>
         <length>0x3</length>
         <used_space>0x3</used_space>
         <unused_space>0x0</unused_space>
         <attributes>RWIX</attributes>
         <usage_details>
            <allocated_space>
               <start_address>0x985</start_address>
               <size>0x3</size>
               <logical_group_ref idref="lg-a"/>
            </allocated_space>
         </usage_details>
      </memory_area>
      <memory_area display="no" color="green">
         <name>FLASH_REGS</name>
         <page_id>0x1</page_id>
         <origin>0xa80</origin>
         <length>0x60</length>
         <used_space>0x8</used_space>
         <unused_space>0x58</unused_space>
         <attributes>RWIX</attributes>
         <usage_details>
            <allocated_space>
               <start_address>0xa80</start_address>
               <size>0x8</size>
               <logical_group_ref idref="lg-b"/>
            </allocated_space>
            <available_space>
               <start_address>0xa88</start_address>
               <size>0x58</size>
            </available_space>
         </usage_details>
      </memory_area>
      <memory_area display="no" color="green">
         <name>CSM</name>
         <page_id>0x1</page_id>
         <origin>0xae0</origin>
         <length>0x10</length>
         <used_space>0x10</used_space>
         <unused_space>0x0</unused_space>
         <attributes>RWIX</attributes>
         <usage_details>
            <allocated_space>
               <start_address>0xae0</start_address>
               <size>0x10</size>
               <logical_group_ref idref="lg-c"/>
            </allocated_space>
         </usage_details>
      </memory_area>
      <memory_area display="no" color="green">
         <name>ADC_RESULT</name>
         <page_id>0x1</page_id>
         <origin>0xb00</origin>
         <length>0x20</length>
         <used_space>0x20</used_space>
         <unused_space>0x0</unused_space>
         <attributes>RWIX</attributes>
         <usage_details>
            <allocated_space>
               <start_address>0xb00</start_address>
               <size>0x20</size>
               <logical_group_ref idref="lg-d"/>
            </allocated_space>
         </usage_details>
      </memory_area>
      <memory_area display="no" color="green">
         <name>CPU_TIMER0</name>
         <page_id>0x1</page_id>
         <origin>0xc00</origin>
         <length>0x8</length>
         <used_space>0x8</used_space>
         <unused_space>0x0</unused_space>
         <attributes>RWIX</attributes>
         <usage_details>
            <allocated_space>
               <start_address>0xc00</start_address>
               <size>0x8</size>
               <logical_group_ref idref="lg-e"/>
            </allocated_space>
         </usage_details>
      </memory_area>
      <memory_area display="no" color="green">
         <name>CPU_TIMER1</name>
         <page_id>0x1</page_id>
         <origin>0xc08</origin>
         <length>0x8</length>
         <used_space>0x8</used_space>
         <unused_space>0x0</unused_space>
         <attributes>RWIX</attributes>
         <usage_details>
            <allocated_space>
               <start_address>0xc08</start_address>
               <size>0x8</size>
               <logical_group_ref idref="lg-f"/>
            </allocated_space>
         </usage_details>
      </memory_area>
      <memory_area display="no" color="green">
         <name>CPU_TIMER2</name>
         <page_id>0x1</page_id>
         <origin>0xc10</origin>
         <length>0x8</length>
         <used_space>0x8</used_space>
         <unused_space>0x0</unused_space>
         <attributes>RWIX</attributes>
         <usage_details>
            <allocated_space>
               <start_address>0xc10</start_address>
               <size>0x8</size>
               <logical_group_ref idref="lg-10"/>
            </allocated_space>
         </usage_details>
      </memory_area>
      <memory_area display="no" color="green">
         <name>PIE_CTRL</name>
         <page_id>0x1</page_id>
         <origin>0xce0</origin>
         <length>0x20</length>
         <used_space>0x1a</used_space>
         <unused_space>0x6</unused_space>
         <attributes>RWIX</attributes>
         <usage_details>
            <allocated_space>
               <start_address>0xce0</start_address>
               <size>0x1a</size>
               <logical_group_ref idref="lg-11"/>
            </allocated_space>
            <available_space>
               <start_address>0xcfa</start_address>
               <size>0x6</size>
            </available_space>
         </usage_details>
      </memory_area>
      <memory_area display="yes" color="green">
         <name>PIE_VECT</name>
         <page_id>0x1</page_id>
         <origin>0xd00</origin>
         <length>0x100</length>
         <used_space>0x100</used_space>
         <unused_space>0x0</unused_space>
         <attributes>RWIX</attributes>
         <usage_details>
            <allocated_space>
               <start_address>0xd00</start_address>
               <size>0x100</size>
               <logical_group_ref idref="lg-2"/>
            </allocated_space>
         </usage_details>
      </memory_area>
      <memory_area display="yes" color="green">
         <name>CLA1</name>
         <page_id>0x1</page_id>
         <origin>0x1400</origin>
         <length>0x80</length>
         <used_space>0x40</used_space>
         <unused_space>0x40</unused_space>
         <attributes>RWIX</attributes>
         <usage_details>
            <allocated_space>
               <start_address>0x1400</start_address>
               <size>0x40</size>
               <logical_group_ref idref="lg-12"/>
            </allocated_space>
            <available_space>
               <start_address>0x1440</start_address>
               <size>0x40</size>
            </available_space>
         </usage_details>
      </memory_area>
      <memory_area display="no" color="green">
         <name>ECANA</name>
         <page_id>0x1</page_id>
         <origin>0x6000</origin>
         <length>0x40</length>
         <used_space>0x34</used_space>
         <unused_space>0xc</unused_space>
         <attributes>RWIX</attributes>
         <usage_details>
            <allocated_space>
               <start_address>0x6000</start_address>
               <size>0x34</size>
               <logical_group_ref idref="lg-13"/>
            </allocated_space>
            <available_space>
               <start_address>0x6034</start_address>
               <size>0xc</size>
            </available_space>
         </usage_details>
      </memory_area>
      <memory_area display="no" color="green">
         <name>ECANA_LAM</name>
         <page_id>0x1</page_id>
         <origin>0x6040</origin>
         <length>0x40</length>
         <used_space>0x40</used_space>
         <unused_space>0x0</unused_space>
         <attributes>RWIX</attributes>
         <usage_details>
            <allocated_space>
               <start_address>0x6040</start_address>
               <size>0x40</size>
               <logical_group_ref idref="lg-14"/>
            </allocated_space>
         </usage_details>
      </memory_area>
      <memory_area display="no" color="green">
         <name>ECANA_MOTS</name>
         <page_id>0x1</page_id>
         <origin>0x6080</origin>
         <length>0x40</length>
         <used_space>0x40</used_space>
         <unused_space>0x0</unused_space>
         <attributes>RWIX</attributes>
         <usage_details>
            <allocated_space>
               <start_address>0x6080</start_address>
               <size>0x40</size>
               <logical_group_ref idref="lg-16"/>
            </allocated_space>
         </usage_details>
      </memory_area>
      <memory_area display="no" color="green">
         <name>ECANA_MOTO</name>
         <page_id>0x1</page_id>
         <origin>0x60c0</origin>
         <length>0x40</length>
         <used_space>0x40</used_space>
         <unused_space>0x0</unused_space>
         <attributes>RWIX</attributes>
         <usage_details>
            <allocated_space>
               <start_address>0x60c0</start_address>
               <size>0x40</size>
               <logical_group_ref idref="lg-17"/>
            </allocated_space>
         </usage_details>
      </memory_area>
      <memory_area display="yes" color="green">
         <name>ECANA_MBOX</name>
         <page_id>0x1</page_id>
         <origin>0x6100</origin>
         <length>0x100</length>
         <used_space>0x100</used_space>
         <unused_space>0x0</unused_space>
         <attributes>RWIX</attributes>
         <usage_details>
            <allocated_space>
               <start_address>0x6100</start_address>
               <size>0x100</size>
               <logical_group_ref idref="lg-15"/>
            </allocated_space>
         </usage_details>
      </memory_area>
      <memory_area display="no" color="green">
         <name>COMP1</name>
         <page_id>0x1</page_id>
         <origin>0x6400</origin>
         <length>0x20</length>
         <used_space>0x14</used_space>
         <unused_space>0xc</unused_space>
         <attributes>RWIX</attributes>
         <usage_details>
            <allocated_space>
               <start_address>0x6400</start_address>
               <size>0x14</size>
               <logical_group_ref idref="lg-28"/>
            </allocated_space>
            <available_space>
               <start_address>0x6414</start_address>
               <size>0xc</size>
            </available_space>
         </usage_details>
      </memory_area>
      <memory_area display="no" color="green">
         <name>COMP2</name>
         <page_id>0x1</page_id>
         <origin>0x6420</origin>
         <length>0x20</length>
         <used_space>0x14</used_space>
         <unused_space>0xc</unused_space>
         <attributes>RWIX</attributes>
         <usage_details>
            <allocated_space>
               <start_address>0x6420</start_address>
               <size>0x14</size>
               <logical_group_ref idref="lg-29"/>
            </allocated_space>
            <available_space>
               <start_address>0x6434</start_address>
               <size>0xc</size>
            </available_space>
         </usage_details>
      </memory_area>
      <memory_area display="no" color="green">
         <name>COMP3</name>
         <page_id>0x1</page_id>
         <origin>0x6440</origin>
         <length>0x20</length>
         <used_space>0x14</used_space>
         <unused_space>0xc</unused_space>
         <attributes>RWIX</attributes>
         <usage_details>
            <allocated_space>
               <start_address>0x6440</start_address>
               <size>0x14</size>
               <logical_group_ref idref="lg-2a"/>
            </allocated_space>
            <available_space>
               <start_address>0x6454</start_address>
               <size>0xc</size>
            </available_space>
         </usage_details>
      </memory_area>
      <memory_area display="no" color="green">
         <name>EPWM1</name>
         <page_id>0x1</page_id>
         <origin>0x6800</origin>
         <length>0x40</length>
         <used_space>0x40</used_space>
         <unused_space>0x0</unused_space>
         <attributes>RWIX</attributes>
         <usage_details>
            <allocated_space>
               <start_address>0x6800</start_address>
               <size>0x40</size>
               <logical_group_ref idref="lg-2b"/>
            </allocated_space>
         </usage_details>
      </memory_area>
      <memory_area display="no" color="green">
         <name>EPWM2</name>
         <page_id>0x1</page_id>
         <origin>0x6840</origin>
         <length>0x40</length>
         <used_space>0x40</used_space>
         <unused_space>0x0</unused_space>
         <attributes>RWIX</attributes>
         <usage_details>
            <allocated_space>
               <start_address>0x6840</start_address>
               <size>0x40</size>
               <logical_group_ref idref="lg-2c"/>
            </allocated_space>
         </usage_details>
      </memory_area>
      <memory_area display="no" color="green">
         <name>EPWM3</name>
         <page_id>0x1</page_id>
         <origin>0x6880</origin>
         <length>0x40</length>
         <used_space>0x40</used_space>
         <unused_space>0x0</unused_space>
         <attributes>RWIX</attributes>
         <usage_details>
            <allocated_space>
               <start_address>0x6880</start_address>
               <size>0x40</size>
               <logical_group_ref idref="lg-2d"/>
            </allocated_space>
         </usage_details>
      </memory_area>
      <memory_area display="no" color="green">
         <name>EPWM4</name>
         <page_id>0x1</page_id>
         <origin>0x68c0</origin>
         <length>0x40</length>
         <used_space>0x40</used_space>
         <unused_space>0x0</unused_space>
         <attributes>RWIX</attributes>
         <usage_details>
            <allocated_space>
               <start_address>0x68c0</start_address>
               <size>0x40</size>
               <logical_group_ref idref="lg-2e"/>
            </allocated_space>
         </usage_details>
      </memory_area>
      <memory_area display="no" color="green">
         <name>EPWM5</name>
         <page_id>0x1</page_id>
         <origin>0x6900</origin>
         <length>0x40</length>
         <used_space>0x40</used_space>
         <unused_space>0x0</unused_space>
         <attributes>RWIX</attributes>
         <usage_details>
            <allocated_space>
               <start_address>0x6900</start_address>
               <size>0x40</size>
               <logical_group_ref idref="lg-2f"/>
            </allocated_space>
         </usage_details>
      </memory_area>
      <memory_area display="no" color="green">
         <name>EPWM6</name>
         <page_id>0x1</page_id>
         <origin>0x6940</origin>
         <length>0x40</length>
         <used_space>0x40</used_space>
         <unused_space>0x0</unused_space>
         <attributes>RWIX</attributes>
         <usage_details>
            <allocated_space>
               <start_address>0x6940</start_address>
               <size>0x40</size>
               <logical_group_ref idref="lg-30"/>
            </allocated_space>
         </usage_details>
      </memory_area>
      <memory_area display="no" color="green">
         <name>EPWM7</name>
         <page_id>0x1</page_id>
         <origin>0x6980</origin>
         <length>0x40</length>
         <used_space>0x40</used_space>
         <unused_space>0x0</unused_space>
         <attributes>RWIX</attributes>
         <usage_details>
            <allocated_space>
               <start_address>0x6980</start_address>
               <size>0x40</size>
               <logical_group_ref idref="lg-31"/>
            </allocated_space>
         </usage_details>
      </memory_area>
      <memory_area display="no" color="green">
         <name>ECAP1</name>
         <page_id>0x1</page_id>
         <origin>0x6a00</origin>
         <length>0x20</length>
         <used_space>0x20</used_space>
         <unused_space>0x0</unused_space>
         <attributes>RWIX</attributes>
         <usage_details>
            <allocated_space>
               <start_address>0x6a00</start_address>
               <size>0x20</size>
               <logical_group_ref idref="lg-18"/>
            </allocated_space>
         </usage_details>
      </memory_area>
      <memory_area display="no" color="green">
         <name>HRCAP1</name>
         <page_id>0x1</page_id>
         <origin>0x6ac0</origin>
         <length>0x20</length>
         <used_space>0x20</used_space>
         <unused_space>0x0</unused_space>
         <attributes>RWIX</attributes>
         <usage_details>
            <allocated_space>
               <start_address>0x6ac0</start_address>
               <size>0x20</size>
               <logical_group_ref idref="lg-19"/>
            </allocated_space>
         </usage_details>
      </memory_area>
      <memory_area display="no" color="green">
         <name>HRCAP2</name>
         <page_id>0x1</page_id>
         <origin>0x6ae0</origin>
         <length>0x20</length>
         <used_space>0x20</used_space>
         <unused_space>0x0</unused_space>
         <attributes>RWIX</attributes>
         <usage_details>
            <allocated_space>
               <start_address>0x6ae0</start_address>
               <size>0x20</size>
               <logical_group_ref idref="lg-1a"/>
            </allocated_space>
         </usage_details>
      </memory_area>
      <memory_area display="no" color="green">
         <name>EQEP1</name>
         <page_id>0x1</page_id>
         <origin>0x6b00</origin>
         <length>0x40</length>
         <used_space>0x40</used_space>
         <unused_space>0x0</unused_space>
         <attributes>RWIX</attributes>
         <usage_details>
            <allocated_space>
               <start_address>0x6b00</start_address>
               <size>0x40</size>
               <logical_group_ref idref="lg-1b"/>
            </allocated_space>
         </usage_details>
      </memory_area>
      <memory_area display="yes" color="green">
         <name>LINA</name>
         <page_id>0x1</page_id>
         <origin>0x6c00</origin>
         <length>0x80</length>
         <used_space>0x4a</used_space>
         <unused_space>0x36</unused_space>
         <attributes>RWIX</attributes>
         <usage_details>
            <allocated_space>
               <start_address>0x6c00</start_address>
               <size>0x4a</size>
               <logical_group_ref idref="lg-1c"/>
            </allocated_space>
            <available_space>
               <start_address>0x6c4a</start_address>
               <size>0x36</size>
            </available_space>
         </usage_details>
      </memory_area>
      <memory_area display="no" color="green">
         <name>GPIOCTRL</name>
         <page_id>0x1</page_id>
         <origin>0x6f80</origin>
         <length>0x40</length>
         <used_space>0x40</used_space>
         <unused_space>0x0</unused_space>
         <attributes>RWIX</attributes>
         <usage_details>
            <allocated_space>
               <start_address>0x6f80</start_address>
               <size>0x40</size>
               <logical_group_ref idref="lg-1d"/>
            </allocated_space>
         </usage_details>
      </memory_area>
      <memory_area display="no" color="green">
         <name>GPIODAT</name>
         <page_id>0x1</page_id>
         <origin>0x6fc0</origin>
         <length>0x20</length>
         <used_space>0x20</used_space>
         <unused_space>0x0</unused_space>
         <attributes>RWIX</attributes>
         <usage_details>
            <allocated_space>
               <start_address>0x6fc0</start_address>
               <size>0x20</size>
               <logical_group_ref idref="lg-1e"/>
            </allocated_space>
         </usage_details>
      </memory_area>
      <memory_area display="no" color="green">
         <name>GPIOINT</name>
         <page_id>0x1</page_id>
         <origin>0x6fe0</origin>
         <length>0x20</length>
         <used_space>0xc</used_space>
         <unused_space>0x14</unused_space>
         <attributes>RWIX</attributes>
         <usage_details>
            <allocated_space>
               <start_address>0x6fe0</start_address>
               <size>0xc</size>
               <logical_group_ref idref="lg-1f"/>
            </allocated_space>
            <available_space>
               <start_address>0x6fec</start_address>
               <size>0x14</size>
            </available_space>
         </usage_details>
      </memory_area>
      <memory_area display="no" color="green">
         <name>SYSTEM</name>
         <page_id>0x1</page_id>
         <origin>0x7010</origin>
         <length>0x20</length>
         <used_space>0x20</used_space>
         <unused_space>0x0</unused_space>
         <attributes>RWIX</attributes>
         <usage_details>
            <allocated_space>
               <start_address>0x7010</start_address>
               <size>0x20</size>
               <logical_group_ref idref="lg-20"/>
            </allocated_space>
         </usage_details>
      </memory_area>
      <memory_area display="no" color="green">
         <name>SPIA</name>
         <page_id>0x1</page_id>
         <origin>0x7040</origin>
         <length>0x10</length>
         <used_space>0x10</used_space>
         <unused_space>0x0</unused_space>
         <attributes>RWIX</attributes>
         <usage_details>
            <allocated_space>
               <start_address>0x7040</start_address>
               <size>0x10</size>
               <logical_group_ref idref="lg-21"/>
            </allocated_space>
         </usage_details>
      </memory_area>
      <memory_area display="no" color="green">
         <name>SCIA</name>
         <page_id>0x1</page_id>
         <origin>0x7050</origin>
         <length>0x10</length>
         <used_space>0x10</used_space>
         <unused_space>0x0</unused_space>
         <attributes>RWIX</attributes>
         <usage_details>
            <allocated_space>
               <start_address>0x7050</start_address>
               <size>0x10</size>
               <logical_group_ref idref="lg-23"/>
            </allocated_space>
         </usage_details>
      </memory_area>
      <memory_area display="no" color="green">
         <name>NMIINTRUPT</name>
         <page_id>0x1</page_id>
         <origin>0x7060</origin>
         <length>0x10</length>
         <used_space>0x10</used_space>
         <unused_space>0x0</unused_space>
         <attributes>RWIX</attributes>
         <usage_details>
            <allocated_space>
               <start_address>0x7060</start_address>
               <size>0x10</size>
               <logical_group_ref idref="lg-24"/>
            </allocated_space>
         </usage_details>
      </memory_area>
      <memory_area display="no" color="green">
         <name>XINTRUPT</name>
         <page_id>0x1</page_id>
         <origin>0x7070</origin>
         <length>0x10</length>
         <used_space>0x10</used_space>
         <unused_space>0x0</unused_space>
         <attributes>RWIX</attributes>
         <usage_details>
            <allocated_space>
               <start_address>0x7070</start_address>
               <size>0x10</size>
               <logical_group_ref idref="lg-25"/>
            </allocated_space>
         </usage_details>
      </memory_area>
      <memory_area display="yes" color="green">
         <name>ADC</name>
         <page_id>0x1</page_id>
         <origin>0x7100</origin>
         <length>0x80</length>
         <used_space>0x50</used_space>
         <unused_space>0x30</unused_space>
         <attributes>RWIX</attributes>
         <usage_details>
            <allocated_space>
               <start_address>0x7100</start_address>
               <size>0x50</size>
               <logical_group_ref idref="lg-26"/>
            </allocated_space>
            <available_space>
               <start_address>0x7150</start_address>
               <size>0x30</size>
            </available_space>
         </usage_details>
      </memory_area>
      <memory_area display="no" color="green">
         <name>SPIB</name>
         <page_id>0x1</page_id>
         <origin>0x7740</origin>
         <length>0x10</length>
         <used_space>0x10</used_space>
         <unused_space>0x0</unused_space>
         <attributes>RWIX</attributes>
         <usage_details>
            <allocated_space>
               <start_address>0x7740</start_address>
               <size>0x10</size>
               <logical_group_ref idref="lg-22"/>
            </allocated_space>
         </usage_details>
      </memory_area>
      <memory_area display="no" color="green">
         <name>I2CA</name>
         <page_id>0x1</page_id>
         <origin>0x7900</origin>
         <length>0x40</length>
         <used_space>0x22</used_space>
         <unused_space>0x1e</unused_space>
         <attributes>RWIX</attributes>
         <usage_details>
            <allocated_space>
               <start_address>0x7900</start_address>
               <size>0x22</size>
               <logical_group_ref idref="lg-27"/>
            </allocated_space>
            <available_space>
               <start_address>0x7922</start_address>
               <size>0x1e</size>
            </available_space>
         </usage_details>
      </memory_area>
      <memory_area display="no" color="green">
         <name>PARTID</name>
         <page_id>0x1</page_id>
         <origin>0x3d7e80</origin>
         <length>0x1</length>
         <used_space>0x1</used_space>
         <unused_space>0x0</unused_space>
         <attributes>RWIX</attributes>
         <usage_details>
            <allocated_space>
               <start_address>0x3d7e80</start_address>
               <size>0x1</size>
               <logical_group_ref idref="lg-33"/>
            </allocated_space>
         </usage_details>
      </memory_area>
      <memory_area display="no" color="green">
         <name>CSM_PWL</name>
         <page_id>0x1</page_id>
         <origin>0x3f7ff8</origin>
         <length>0x8</length>
         <used_space>0x8</used_space>
         <unused_space>0x0</unused_space>
         <attributes>RWIX</attributes>
         <usage_details>
            <allocated_space>
               <start_address>0x3f7ff8</start_address>
               <size>0x8</size>
               <logical_group_ref idref="lg-32"/>
            </allocated_space>
         </usage_details>
      </memory_area>
   </placement_map>
   <symbol_table>
      <symbol id="sm-0">
         <name>cinit</name>
         <value>0x3d79cd</value>
      </symbol>
      <symbol id="sm-1">
         <name>___cinit__</name>
         <value>0x3d79cd</value>
      </symbol>
      <symbol id="sm-2">
         <name>pinit</name>
         <value>0xffffffff</value>
      </symbol>
      <symbol id="sm-3">
         <name>___pinit__</name>
         <value>0xffffffff</value>
      </symbol>
      <symbol id="sm-4">
         <name>binit</name>
         <value>0xffffffff</value>
      </symbol>
      <symbol id="sm-5">
         <name>___binit__</name>
         <value>0xffffffff</value>
      </symbol>
      <symbol id="sm-6">
         <name>__STACK_SIZE</name>
         <value>0x300</value>
      </symbol>
      <symbol id="sm-7">
         <name>__STACK_END</name>
         <value>0x720</value>
      </symbol>
      <symbol id="sm-8">
         <name>___c_args__</name>
         <value>0xffffffff</value>
      </symbol>
      <symbol id="sm-9">
         <name>.text</name>
         <value>0x3d7820</value>
      </symbol>
      <symbol id="sm-a">
         <name>___text__</name>
         <value>0x3d7820</value>
      </symbol>
      <symbol id="sm-b">
         <name>etext</name>
         <value>0x3d79cd</value>
      </symbol>
      <symbol id="sm-c">
         <name>___etext__</name>
         <value>0x3d79cd</value>
      </symbol>
      <symbol id="sm-9c">
         <name>_CAN_Boot</name>
         <value>0x3d7820</value>
         <object_component_ref idref="oc-9c"/>
      </symbol>
      <symbol id="sm-9d">
         <name>_CAN_GetWordData</name>
         <value>0x3d78e9</value>
         <object_component_ref idref="oc-9c"/>
      </symbol>
      <symbol id="sm-9e">
         <name>_CAN_Init</name>
         <value>0x3d7880</value>
         <object_component_ref idref="oc-9c"/>
      </symbol>
      <symbol id="sm-105">
         <name>_GpioCtrlRegs</name>
         <value>0x6f80</value>
         <object_component_ref idref="oc-68"/>
      </symbol>
      <symbol id="sm-106">
         <name>_PieVectTable</name>
         <value>0xd00</value>
         <object_component_ref idref="oc-6f"/>
      </symbol>
      <symbol id="sm-107">
         <name>_SysPwrCtrlRegs</name>
         <value>0x985</value>
         <object_component_ref idref="oc-46"/>
      </symbol>
      <symbol id="sm-108">
         <name>_EmuBMode</name>
         <value>0xd01</value>
         <object_component_ref idref="oc-41"/>
      </symbol>
      <symbol id="sm-109">
         <name>_CsmRegs</name>
         <value>0xae0</value>
         <object_component_ref idref="oc-53"/>
      </symbol>
      <symbol id="sm-10a">
         <name>_ECanaLAMRegs</name>
         <value>0x6040</value>
         <object_component_ref idref="oc-64"/>
      </symbol>
      <symbol id="sm-10b">
         <name>_AdcResult</name>
         <value>0xb00</value>
         <object_component_ref idref="oc-5d"/>
      </symbol>
      <symbol id="sm-10c">
         <name>_EPwm4Regs</name>
         <value>0x68c0</value>
         <object_component_ref idref="oc-6a"/>
      </symbol>
      <symbol id="sm-10d">
         <name>_CpuTimer1Regs</name>
         <value>0xc08</value>
         <object_component_ref idref="oc-4a"/>
      </symbol>
      <symbol id="sm-10e">
         <name>_SysCtrlRegs</name>
         <value>0x7010</value>
         <object_component_ref idref="oc-58"/>
      </symbol>
      <symbol id="sm-10f">
         <name>_EPwm5Regs</name>
         <value>0x6900</value>
         <object_component_ref idref="oc-6b"/>
      </symbol>
      <symbol id="sm-110">
         <name>_SpiaRegs</name>
         <value>0x7040</value>
         <object_component_ref idref="oc-4e"/>
      </symbol>
      <symbol id="sm-111">
         <name>_ECanaMOTSRegs</name>
         <value>0x6080</value>
         <object_component_ref idref="oc-63"/>
      </symbol>
      <symbol id="sm-112">
         <name>_FlashRegs</name>
         <value>0xa80</value>
         <object_component_ref idref="oc-48"/>
      </symbol>
      <symbol id="sm-113">
         <name>_CpuTimer0Regs</name>
         <value>0xc00</value>
         <object_component_ref idref="oc-4b"/>
      </symbol>
      <symbol id="sm-114">
         <name>_DevEmuRegs</name>
         <value>0x880</value>
         <object_component_ref idref="oc-47"/>
      </symbol>
      <symbol id="sm-115">
         <name>_EPwm6Regs</name>
         <value>0x6940</value>
         <object_component_ref idref="oc-67"/>
      </symbol>
      <symbol id="sm-116">
         <name>_Comp1Regs</name>
         <value>0x6400</value>
         <object_component_ref idref="oc-54"/>
      </symbol>
      <symbol id="sm-117">
         <name>_SciaRegs</name>
         <value>0x7050</value>
         <object_component_ref idref="oc-51"/>
      </symbol>
      <symbol id="sm-118">
         <name>_GpioDataRegs</name>
         <value>0x6fc0</value>
         <object_component_ref idref="oc-59"/>
      </symbol>
      <symbol id="sm-119">
         <name>_CsmPwl</name>
         <value>0x3f7ff8</value>
         <object_component_ref idref="oc-49"/>
      </symbol>
      <symbol id="sm-11a">
         <name>_AdcRegs</name>
         <value>0x7100</value>
         <object_component_ref idref="oc-6e"/>
      </symbol>
      <symbol id="sm-11b">
         <name>_EPwm7Regs</name>
         <value>0x6980</value>
         <object_component_ref idref="oc-66"/>
      </symbol>
      <symbol id="sm-11c">
         <name>_Comp2Regs</name>
         <value>0x6420</value>
         <object_component_ref idref="oc-55"/>
      </symbol>
      <symbol id="sm-11d">
         <name>_XIntruptRegs</name>
         <value>0x7070</value>
         <object_component_ref idref="oc-52"/>
      </symbol>
      <symbol id="sm-11e">
         <name>_CpuTimer2Regs</name>
         <value>0xc10</value>
         <object_component_ref idref="oc-4c"/>
      </symbol>
      <symbol id="sm-11f">
         <name>_HRCap1Regs</name>
         <value>0x6ac0</value>
         <object_component_ref idref="oc-5b"/>
      </symbol>
      <symbol id="sm-120">
         <name>_PieCtrlRegs</name>
         <value>0xce0</value>
         <object_component_ref idref="oc-57"/>
      </symbol>
      <symbol id="sm-121">
         <name>_SpibRegs</name>
         <value>0x7740</value>
         <object_component_ref idref="oc-4f"/>
      </symbol>
      <symbol id="sm-122">
         <name>_ECanaRegs</name>
         <value>0x6000</value>
         <object_component_ref idref="oc-5f"/>
      </symbol>
      <symbol id="sm-123">
         <name>_Comp3Regs</name>
         <value>0x6440</value>
         <object_component_ref idref="oc-56"/>
      </symbol>
      <symbol id="sm-124">
         <name>_ECap1Regs</name>
         <value>0x6a00</value>
         <object_component_ref idref="oc-5c"/>
      </symbol>
      <symbol id="sm-125">
         <name>_EmuKey</name>
         <value>0xd00</value>
         <object_component_ref idref="oc-42"/>
      </symbol>
      <symbol id="sm-126">
         <name>_LinaRegs</name>
         <value>0x6c00</value>
         <object_component_ref idref="oc-6d"/>
      </symbol>
      <symbol id="sm-127">
         <name>_Cla1Regs</name>
         <value>0x1400</value>
         <object_component_ref idref="oc-61"/>
      </symbol>
      <symbol id="sm-128">
         <name>_EQep1Regs</name>
         <value>0x6b00</value>
         <object_component_ref idref="oc-69"/>
      </symbol>
      <symbol id="sm-129">
         <name>_EPwm1Regs</name>
         <value>0x6800</value>
         <object_component_ref idref="oc-60"/>
      </symbol>
      <symbol id="sm-12a">
         <name>_GpioIntRegs</name>
         <value>0x6fe0</value>
         <object_component_ref idref="oc-4d"/>
      </symbol>
      <symbol id="sm-12b">
         <name>_PartIdRegs</name>
         <value>0x3d7e80</value>
         <object_component_ref idref="oc-43"/>
      </symbol>
      <symbol id="sm-12c">
         <name>_Flash_CPUScaleFactor</name>
         <value>0xd04</value>
         <object_component_ref idref="oc-45"/>
      </symbol>
      <symbol id="sm-12d">
         <name>_EPwm2Regs</name>
         <value>0x6840</value>
         <object_component_ref idref="oc-62"/>
      </symbol>
      <symbol id="sm-12e">
         <name>_ECanaMboxes</name>
         <value>0x6100</value>
         <object_component_ref idref="oc-70"/>
      </symbol>
      <symbol id="sm-12f">
         <name>_HRCap2Regs</name>
         <value>0x6ae0</value>
         <object_component_ref idref="oc-5a"/>
      </symbol>
      <symbol id="sm-130">
         <name>_NmiIntruptRegs</name>
         <value>0x7060</value>
         <object_component_ref idref="oc-50"/>
      </symbol>
      <symbol id="sm-131">
         <name>_ECanaMOTORegs</name>
         <value>0x60c0</value>
         <object_component_ref idref="oc-6c"/>
      </symbol>
      <symbol id="sm-132">
         <name>_Flash_CallbackPtr</name>
         <value>0xd02</value>
         <object_component_ref idref="oc-44"/>
      </symbol>
      <symbol id="sm-133">
         <name>_EPwm3Regs</name>
         <value>0x6880</value>
         <object_component_ref idref="oc-65"/>
      </symbol>
      <symbol id="sm-134">
         <name>_I2caRegs</name>
         <value>0x7900</value>
         <object_component_ref idref="oc-5e"/>
      </symbol>
      <symbol id="sm-144">
         <name>_InitBoot</name>
         <value>0x3d7800</value>
         <object_component_ref idref="oc-72"/>
      </symbol>
      <symbol id="sm-159">
         <name>_GetLongData</name>
         <value>0x3d7929</value>
         <object_component_ref idref="oc-a0"/>
      </symbol>
      <symbol id="sm-15a">
         <name>_CopyData</name>
         <value>0x3d7903</value>
         <object_component_ref idref="oc-a0"/>
      </symbol>
      <symbol id="sm-15b">
         <name>_ReadReservedFn</name>
         <value>0x3d793b</value>
         <object_component_ref idref="oc-a0"/>
      </symbol>
      <symbol id="sm-15c">
         <name>_GetWordData</name>
         <value>0x404</value>
         <object_component_ref idref="oc-79"/>
      </symbol>
      <symbol id="sm-16a">
         <name>_main</name>
         <value>0x3d79cc</value>
         <object_component_ref idref="oc-9d"/>
      </symbol>
      <symbol id="sm-185">
         <name>_c_int00</name>
         <value>0x3d794d</value>
         <object_component_ref idref="oc-3a"/>
      </symbol>
      <symbol id="sm-186">
         <name>__stack</name>
         <value>0x420</value>
         <object_component_ref idref="oc-83"/>
      </symbol>
      <symbol id="sm-19a">
         <name>C$$EXIT</name>
         <value>0x3d79aa</value>
         <object_component_ref idref="oc-9b"/>
      </symbol>
      <symbol id="sm-19b">
         <name>_exit</name>
         <value>0x3d79ac</value>
         <object_component_ref idref="oc-9b"/>
      </symbol>
      <symbol id="sm-19c">
         <name>___TI_cleanup_ptr</name>
         <value>0x400</value>
         <object_component_ref idref="oc-8b"/>
      </symbol>
      <symbol id="sm-19d">
         <name>_abort</name>
         <value>0x3d79aa</value>
         <object_component_ref idref="oc-9b"/>
      </symbol>
      <symbol id="sm-19e">
         <name>___TI_dtors_ptr</name>
         <value>0x402</value>
         <object_component_ref idref="oc-8b"/>
      </symbol>
      <symbol id="sm-1b3">
         <name>__unlock</name>
         <value>0x408</value>
         <object_component_ref idref="oc-a3"/>
      </symbol>
      <symbol id="sm-1b4">
         <name>__lock</name>
         <value>0x406</value>
         <object_component_ref idref="oc-9e"/>
      </symbol>
      <symbol id="sm-1b5">
         <name>__register_lock</name>
         <value>0x3d79c7</value>
         <object_component_ref idref="oc-a1"/>
      </symbol>
      <symbol id="sm-1b6">
         <name>__nop</name>
         <value>0x3d79cb</value>
         <object_component_ref idref="oc-a1"/>
      </symbol>
      <symbol id="sm-1b7">
         <name>__register_unlock</name>
         <value>0x3d79c3</value>
         <object_component_ref idref="oc-a1"/>
      </symbol>
      <symbol id="sm-1c7">
         <name>__args_main</name>
         <value>0x3d7991</value>
         <object_component_ref idref="oc-9a"/>
      </symbol>
   </symbol_table>
   <title>Link successful</title>
</link_info>
